<?xml version="1.0" encoding="UTF-8" standalone="yes"?>
<addon 
  id="repository.avario" 
  name="Avario Kodi Addons" 
  version="0.1.0" 
  provider-name="www.avar.io">
	<extension point="xbmc.addon.repository" 
             name="Avario Kodi Addons">
    <info>http://192.168.0.22:8123/local/kodirepo/addons.xml</info>
    <checksum>http://192.168.0.22:8123/local/kodirepo/addons.xml.md5</checksum>
    <datadir>http://192.168.0.22:8123/local/kodirepo/files/</datadir>
	</extension>
	<extension point="xbmc.addon.metadata">
		<summary>Locally hosted Repo for Avario Kodi Addons</summary>
		<description>New and Updated Avario addons accessible through here.</description>
		<platform>all</platform>
	</extension>
</addon>
