<?xml version="1.0" encoding="UTF-8" standalone="yes"?>
<addon id="script.popup"
       name="Avario Popup"
       version="0.1.0"
       provider-name="www.avar.io">
  <requires>
    <import addon="xbmc.python" version="2.14.0"/>
  </requires>
  <extension point="xbmc.python.script" library="default.py">
    <provides>executable</provides>
  </extension>
  <extension point="xbmc.addon.metadata">
    <platform>all</platform>
    <summary lang="en">A script to support the popup of notifications from Avario.</summary>
    <description lang="en">A script to support the popup of notifications from Avario.</description>
  </extension>
</addon>
