<?xml version="1.0" encoding="UTF-8" standalone="yes"?>
<addon id="avario.trigger" name="Kodi Avario Z-Wave Addon" version="0.1.0" provider-name="www.avar.io">
    <requires>
        <import addon="xbmc.python" version="2.1.0"/>
        <import addon="script.module.requests" version="1.1.0"/>
    </requires>
  
    <extension point="xbmc.service" library="default.py" start="startup" />
  
    <extension point="xbmc.addon.metadata">
        <platform>all</platform>
        <language>Eng</language>
        <summary lang="en">Avario Scene Trigger</summary>
        <description lang="en">Trigger an Avario Action based on Kodi events.

IMPORTANT: Disable/Enable after changing settings - or restart Kodi.</description>

    </extension>
</addon>
